Location,Call#,Author,Title,Barcode,YTD Circ,LY Circ,Holds,Items,Due Date,Bib#
mav,MUSIC ELECTRONIC LITTLE,,New me same us,1001354032,0,1,0,1,04/06/26,b2475226a
mav,MUSIC INDIE\ALT BLONDE,"Blonde Redhead (Musical group), http://id.loc.gov/authorities/names/n2004077889 performer.",23,1001008735,0,1,0,1,06/18/26,b1333588a
mav,MUSIC INDIE\ALT PARAMORE,"Paramore (Musical group), http://id.loc.gov/authorities/names/no2005070404 performer.",Brand new eyes,1000635558,0,3,0,1,04/06/26,b1380584a
mav,MUSIC R&B\SOUL JOJI,,Ballads 1,1001331848,0,2,0,1,04/06/26,b2305516a
mav,MUSIC RAP\HIP-HOP ANDERSON,,Oxnard,1001332523,0,2,0,1,04/07/26,b2324050a
mav,MUSIC ROCK BULLET,Bullet For My Valentine (Musical group) http://id.loc.gov/authorities/names/no2006043261,Scream aim fire,1001034905,0,1,0,1,06/18/26,b1353777a
mbio,796.4209 PREFONTAINE JORDAN,"Jordan, Tom. http://id.loc.gov/authorities/names/n77003854","Pre : the story of America's greatest running legend, Steve Prefontaine",1001125670,0,1,0,1,05/26/26,b1392138a
mboc,CD 523.1 GREENE,"Greene, Brian, 1963- http://id.loc.gov/authorities/names/n96072537 author, narrator.","Until the end of time : mind, matter, and our search for meaning in an evolving universe",1001353756,0,1,0,2,06/08/26,b2448347a
mboc,CD 618.2009 WORTH,"Worth, Jennifer, 1935-2011. http://id.loc.gov/authorities/names/nb2003050821","Call the midwife : [a memoir of birth, joy, and hard times]",1001179603,0,1,0,1,06/10/26,b1456326a
mfic,FICTION ABRAMS,"Abrams, J. J. (Jeffrey Jacob), 1966- http://id.loc.gov/authorities/names/no98124254 author.",S.,1001242855,0,1,0,2,10/06/25,b1468045a
mfic,FICTION BERRY,"Berry, Wendell, 1934- http://id.loc.gov/authorities/names/n50007571",A place on earth,1001011855,0,1,0,1,11/15/25,b1334703a
mfic,FICTION JONG,"Jong, Erica. http://id.loc.gov/authorities/names/n80046407",Fear of flying,1001250400,0,2,0,1,05/24/26,b1520588a
mfic,FICTION JOYCE,"Joyce, Brenda. http://id.loc.gov/authorities/names/no94027569",A lady at last,1001009539,0,1,0,1,06/08/26,b1324631a
mfic,FICTION LINDSAY,"Lindsay, Jeffry P. http://id.loc.gov/authorities/names/no94035020",Darkly dreaming Dexter : a novel,1000697294,0,1,0,1,01/09/26,b1282979a
mfic,FICTION MCCAMMON,"McCammon, Robert R., http://id.loc.gov/authorities/names/n82110357 author.",Swan song,1001325435,0,2,0,1,05/13/26,b1585816a
mfic,FICTION PERLMAN,"Perlman, Elliot. http://id.loc.gov/authorities/names/nb98041732",Seven types of ambiguity,1000704210,0,1,0,1,11/15/25,b1288740a
mfic,FICTION PLATH,"Plath, Sylvia. http://id.loc.gov/authorities/names/n79032880",The bell jar : a novel,1001461159,0,5,0,2,05/07/26,b1526271a
mfic,FICTION TYREE,"Tyree, Omar. http://id.loc.gov/authorities/names/n93061116",For the love of money : a novel,1000596889,0,2,0,1,04/18/26,b1227742a
mgn,GN HILL LOCKE V. 1,"Hill, Joe. http://id.loc.gov/authorities/names/nb2006000153","Locke & key. 1, Welcome to Lovecraft",1001117476,0,1,0,1,02/21/26,b1381648a
mjfic,J FICTION GUTKNECHT MANDY BERR BK. 2,"Gutknecht, Allison, http://id.loc.gov/authorities/names/no2013125634 author.",A cast is the perfect accessory (and other lessons I've learned),1001256731,0,1,0,1,05/23/26,b1510108a
mjfic,J FICTION LINDGREN,"Lindgren, Astrid, 1907-2002. http://id.loc.gov/authorities/names/n80037023",Emil in the soup tureen,1000327649,0,1,0,1,10/09/25,b1115970a
mjfic,J FICTION SMITH,"Smith, Robert Kimmel, 1930-2020 http://id.loc.gov/authorities/names/n79106029",Chocolate fever,1001299261,0,2,0,1,11/08/25,b1433659a
mjfic,J FICTION TAYLOR LOGAN BK. 7,"Taylor, Mildred D. http://id.loc.gov/authorities/names/n81145837",The well : David's story,1000994229,0,2,0,1,06/09/26,b1322760a
mjnf,J 510 CLAYBOURNE,"Claybourne, Anna, http://id.loc.gov/authorities/names/no95029169 author.",91 cool maths tricks to make you gasp!,1001431098,0,3,0,1,05/15/26,b2777395a
mjnf,J 636.7083 BUCKLEY,"Buckley, James, Jr., 1963- http://id.loc.gov/authorities/names/n2002038095 author.",Mason versus the tornado : dog rescue!,1001414057,0,1,0,1,06/13/26,b2788480a
mjnf,J 790.133 SHRED,,Shred it!,1001449039,0,1,0,1,03/14/26,b3461327a
mjnf,J 794.85 POKEMON COMPLETE V. 1,,"Pokemon. The complete Pokémon pocket guide. 1, #001-442 Bulbasaur to Spiritomb.",1001462515,0,5,0,4,03/17/26,b3463604a
mjnf,J 808.8 BOOK,,"The book of hopes : words and pictures to comfort, inspire and entertain",1001391655,0,2,0,1,06/17/26,b2803557a
mjnf,J 973 BALKAN,"Balkan, Gabrielle, https://id.loc.gov/authorities/names/n2009002166 author.",The 50 states : explore the U.S.A. with 50 fact-filled maps!,1001497474,0,2,0,2,01/05/26,b3461656a
mjpar,248.845 THOMAS,"Thomas, David, 1970- http://id.loc.gov/authorities/names/n2006080622 author.",Raising emotionally strong boys : tools your son can build on for life,1001444986,0,5,1,1,05/11/26,b3118194a
mjpar,649.124 AMES,"Ames, Louise Bates. http://id.loc.gov/authorities/names/n79022045",Your eight-year-old : lively and outgoing,1001451684,0,2,0,1,10/24/25,b1171076a
mlang,SPANISH 135.45 THREE,"Three Initiates, 1862-1932, https://id.loc.gov/authorities/names/n2008026919 author.",El kybalión,1001393909,0,1,0,1,03/09/26,b3297015a
mlang,SPANISH FICTION PINEIRO,"Piñeiro, Claudia, 1960- http://id.loc.gov/authorities/names/no2005092848",Elena Sabe,1001372564,0,2,0,1,04/03/26,b2351766a
mlt,LT FICTION TWAIN,"Twain, Mark, 1835-1910. http://id.loc.gov/authorities/names/n79021164",The adventures of Tom Sawyer,1001347075,0,1,0,1,05/15/26,b2162972a
mmys,M HIRAHARA MAS ARAI BK. 1,"Hirahara, Naomi, 1962- https://id.loc.gov/authorities/names/n2001100023 https://id.oclc.org/worldcat/entity/E39PBJhhwmMCW4D3PGFcXTdJDq.",Summer of the big bachi,1001421656,0,2,0,1,06/16/26,b3457887a
mmys,M KELLY MAGICAL BK. 1,"Kelly, Sofie, 1958- http://id.loc.gov/authorities/names/no2011021769",Curiosity thrilled the cat : a magical cats mystery,1001157260,0,1,0,1,05/01/26,b1425206a
mnf,153 DAMASIO,"Damasio, Antonio R. http://id.loc.gov/authorities/names/n88090795",The feeling of what happens : body and emotion in the making of consciousness,1001053726,0,2,0,1,06/20/26,b1370494a
mnf,305.868 GRANDE,"Grande, Reyna, http://id.loc.gov/authorities/names/n2005090394 author.",A dream called home : a memoir,1001434207,0,2,0,1,11/17/25,b2824154a
mnf,330 SOWELL,"Sowell, Thomas, 1930- http://id.loc.gov/authorities/names/n79006684",Basic economics : a citizen's guide to the economy,1000690321,0,1,1,1,12/28/25,b1278222a
mnf,463.21 PARNWELL,"Parnwell, E. C. http://id.loc.gov/authorities/names/n50050779",The new Oxford picture dictionary,1000395275,0,1,0,1,04/26/26,b1138056a
mnf,590.92 GOODALL,"Goodall, Jane, 1934- http://id.loc.gov/authorities/names/n50039798",Reason for hope : a spiritual journey,1000567123,0,1,1,1,12/07/25,b1216904a
mnf,610.7307 NCLEX-RN KAPLAN 2025,,Kaplan NCLEX-RN prep : practice test + proven strategies.,1001510477,0,3,0,1,03/13/26,b3470568a
mnf,616.8584 TOMPKINS,"Tompkins, Michael, 1955- http://id.loc.gov/authorities/names/nr96000702","Digging out : helping your loved one manage clutter, hoarding & compulsive acquiring",1001125786,0,1,0,1,10/28/25,b1384273a
mnf,646.72 BUCK,"Buck, Shannon. http://id.loc.gov/authorities/names/no2014140507","200 tips, techniques & recipes for natural beauty",1001226365,0,1,0,1,05/23/26,b1505742a
mnf,650.1 HILL,"Hill, Napoleon, 1883-1970, author. https://id.oclc.org/worldcat/entity/E39PBJrGBcWvx46BptTrW6VXBP",Think and grow rich : the complete original edition with bonus material,1001500673,0,5,0,1,05/20/26,b3465526a
mnf,658.8342 FLYNN,"Flynn, Pat (Online business consultant), http://id.loc.gov/authorities/names/no2016017796 author.","Superfans : the easy way to stand out, grow your tribe, and build a successful business",1001379670,0,2,0,1,04/05/26,b2392297a
mnf,688.725 FINCH,"Finch, Alice, http://id.loc.gov/authorities/names/n2017065249 author.","The LEGO architecture idea book : 1001 ideas for brickwork, siding, windows, columns, roofing, and much, much more!",1001367304,0,3,0,1,04/06/26,b2290097a
mnf,700.922 CURREY,"Currey, Mason. http://id.loc.gov/authorities/names/n2012060333",Daily rituals : how artists work,1001169099,0,4,0,1,05/27/26,b1456433a
mnf,739.27 GOLLBERG,"Gollberg, Joanna. http://id.loc.gov/authorities/names/n2002157967",The art & craft of making jewelry : a complete guide to essential techniques,1000985448,0,1,0,1,06/13/26,b1316313a
mnf,781.6244 BIG,,"The big book of French songs : popular songs, movie hits, musical theatre songs, folksongs.",1001005232,0,1,0,1,03/24/26,b1304747a
mnf,791.4361 JANISSE,"Janisse, Kier-La, https://id.loc.gov/authorities/names/no2013031537 author.",House of psychotic women : an autobiographical topography of female neurosis in horror and exploitation films,1001450160,0,2,0,1,05/31/26,b3457094a
msf,SF ARMENTROUT BLOOD BK. 3,"Armentrout, Jennifer L., http://id.loc.gov/authorities/names/no2011131139 author.",The crown of gilded bones,1001510043,0,1,2,1,10/31/25,b2804608a
msf,SF ARMENTROUT BLOOD BK. 4,"Armentrout, Jennifer L., http://id.loc.gov/authorities/names/no2011131139 author.",The war of two queens,1001436415,0,2,1,1,10/29/25,b2823843a
msf,SF COREY EXPANSE BK. 4,"Corey, James S. A., author.",Cibola burn,1001599361,0,2,0,2,03/27/26,b3478021a
msf,SF LAWRENCE BROKEN BK. 3,"Lawrence, Mark, 1966- http://id.loc.gov/authorities/names/n2011002442",Emperor of thorns,1001212549,0,1,0,1,05/02/26,b1460726a
msf,SF SIMMONS ILIUM BK. 2,"Simmons, Dan. http://id.loc.gov/authorities/names/no2011189815",Olympos,1001235844,0,1,0,1,03/20/26,b1294175a
mss,SS ROSENFARB,"Rosenfarb, Chawa, 1923-2011, https://id.loc.gov/authorities/names/n85373577 author.",In the land of the postscript : the complete short stories of Chava Rosenfarb,1001394459,0,1,0,1,01/30/26,b3455997a
mtfic,Y FICTION HALPERN ANNA BLOOM BK. 2,"Halpern, Julie, 1975- http://id.loc.gov/authorities/names/n2003050094",Have a nice day,1001190245,0,1,0,2,04/06/26,b1445038a
mtfic,Y FICTION WREDE FRONTIER BK. 2,"Wrede, Patricia C., 1953- http://id.loc.gov/authorities/names/n85015891",Across the Great Barrier,1001360383,0,1,0,1,04/03/26,b1424835a
mtgn,Y GN ARAI GUY V. 1,"Arai, Sumiko, author, artist.",The guy she was interested in wasn't a guy at all. 1,1001527821,0,8,0,1,05/11/26,b3469903a
mtgn,Y GN TAKAYA FRUITS V. 2,"Takaya, Natsuki, 1973- http://id.loc.gov/authorities/names/n2005027754",Fruits basket. 2,1001188713,0,2,0,1,11/22/25,b1283858a